Title,Description,Likes,Comments,Views,URL,Length
7 Days Exploring An Underground City,"This salt mine is the coolest underground city Iâ€™ve ever seen
Get Zaxbys MrBeast Box while you still can - Chicken Fingerzâ„¢, cheddar bites, fries, double Texas toast, signature sauces, a drink and my FEASTABLES BAR! Available only thru 10/28 at Zaxbys https://www.zaxbys.com/mrbeast 

New Merch - https://mrbeast.store

Check out Viewstats! - https://www.viewstats.com/

SUBSCRIBE OR I TAKE YOUR DOG
â•”â•â•¦â•—â•”â•¦â•—â•”â•â•¦â•â•¦â•¦â•¦â•¦â•—â•”â•â•—
â•‘â•šâ•£â•‘â•‘â•‘â•šâ•£â•šâ•£â•”â•£â•”â•£â•‘â•šâ•£â•â•£ 
â• â•—â•‘â•šâ•â•‘â•‘â• â•—â•‘â•šâ•£â•‘â•‘â•‘â•‘â•‘â•â•£
â•šâ•â•©â•â•â•©â•â•©â•â•©â•â•©â•â•šâ•©â•â•©â•â•

For any questions or inquiries regarding this video, please reach out to chucky@mrbeastbusiness.com

----------------------------------------------------------------
follow all of these or i will kick you
â€¢ Facebook - https://www.facebook.com/MrBeast6000/
â€¢ Twitter - https://twitter.com/MrBeast
â€¢  Instagram - https://www.instagram.com/mrbeast
â€¢  Im Hiring! - https://www.mrbeastjobs.com/
--------------------------------------------------------------------",2561697,24777,74099527,https://www.youtube.com/watch?v=bn0Kh9c4Zv4,0:20:35
"Men Vs Women Survive The Wilderness For $500,000","Some of these strategies were wild!
Wet things clean better than dry things, so ditch the toilet paper and get confidently clean with XL Flushable DUDE Wipes! Try them here, DUDE: https://amazon.com/dudewipes

Contestants featured and their prior experience 

WOMEN: 
â€¢ Phaedra: Was on Naked and Afraid
â€¢ Julia: Was on Naked and Afraid
â€¢ Talia: 10 days in the Everglades 
â€¢ Hannah: a weekend camping 
â€¢ Izzy: couple days camping

MEN: 
â€¢ Joshua: 20 days solo backpacking 
â€¢ Patrick: weekend camping 
â€¢ Tj: backpacking guide: (15 years of outdoor experience) - a week consecutive outside living off land 
â€¢ Cameron: been camping
â€¢ Sami: On Survivor: 21 days

New Merch - https://mrbeast.store

Check out Viewstats! - https://www.viewstats.com/

SUBSCRIBE OR I TAKE YOUR DOG
â•”â•â•¦â•—â•”â•¦â•—â•”â•â•¦â•â•¦â•¦â•¦â•¦â•—â•”â•â•—
â•‘â•šâ•£â•‘â•‘â•‘â•šâ•£â•šâ•£â•”â•£â•”â•£â•‘â•šâ•£â•â•£ 
â• â•—â•‘â•šâ•â•‘â•‘â• â•—â•‘â•šâ•£â•‘â•‘â•‘â•‘â•‘â•â•£
â•šâ•â•©â•â•â•©â•â•©â•â•©â•â•©â•â•šâ•©â•â•©â•â•

For any questions or inquiries regarding this video, please reach out to chucky@mrbeastbusiness.com

Music Provided by https://www.extrememusic.com

----------------------------------------------------------------
follow all of these or i will kick you
â€¢ Facebook - https://www.facebook.com/MrBeast6000/
â€¢ Twitter - https://twitter.com/MrBeast
â€¢  Instagram - https://www.instagram.com/mrbeast
â€¢  Im Hiring! - https://www.mrbeastjobs.com/
--------------------------------------------------------------------",3587387,48047,119064843,https://www.youtube.com/watch?v=aRcUVhVlSHg,0:31:47
7 Days Stranded In A Cave,"I didnâ€™t think surviving in a cave would be that challenging
Check out Swarms!  Itâ€™s the coolest collectible ever with over 100 different Swarms to collect! Itâ€™s a mind-blowingly fun experiment - just mix, shake and reveal your micro beast! Swarms available now. #ad 


New Merch - https://mrbeast.store

Check out Viewstats! - https://www.viewstats.com/

SUBSCRIBE OR I TAKE YOUR DOG
â•”â•â•¦â•—â•”â•¦â•—â•”â•â•¦â•â•¦â•¦â•¦â•¦â•—â•”â•â•—
â•‘â•šâ•£â•‘â•‘â•‘â•šâ•£â•šâ•£â•”â•£â•”â•£â•‘â•šâ•£â•â•£ 
â• â•—â•‘â•šâ•â•‘â•‘â• â•—â•‘â•šâ•£â•‘â•‘â•‘â•‘â•‘â•â•£
â•šâ•â•©â•â•â•©â•â•©â•â•©â•â•©â•â•šâ•©â•â•©â•â•

For any questions or inquiries regarding this video, please reach out to chucky@mrbeastbusiness.com

Music Provided by https://www.extrememusic.com

----------------------------------------------------------------
follow all of these or i will kick you
â€¢ Facebook - https://www.facebook.com/MrBeast6000/
â€¢ Twitter - https://twitter.com/MrBeast
â€¢  Instagram - https://www.instagram.com/mrbeast
â€¢  Im Hiring! - https://www.mrbeastjobs.com/
--------------------------------------------------------------------",4231120,96130,122136852,https://www.youtube.com/watch?v=ndAQfTzlVjc,0:17:58
"Survive 100 Days In Nuclear Bunker, Win $500,000","This video was really fun to make, I hope you enjoy it :) 
Download Monster Hunter Now and take on my hunting challenge together: https://monsterhunternow.onelink.me/O5yC/7gjxcizl
Use code MRBEASTHUNT to get a bundle on me

New Merch - https://mrbeast.store

Check out Viewstats! - https://www.viewstats.com/

SUBSCRIBE OR I TAKE YOUR DOG
â•”â•â•¦â•—â•”â•¦â•—â•”â•â•¦â•â•¦â•¦â•¦â•¦â•—â•”â•â•—
â•‘â•šâ•£â•‘â•‘â•‘â•šâ•£â•šâ•£â•”â•£â•”â•£â•‘â•šâ•£â•â•£ 
â• â•—â•‘â•šâ•â•‘â•‘â• â•—â•‘â•šâ•£â•‘â•‘â•‘â•‘â•‘â•â•£
â•šâ•â•©â•â•â•©â•â•©â•â•©â•â•©â•â•šâ•©â•â•©â•â•

For any questions or inquiries regarding this video, please reach out to chucky@mrbeastbusiness.com

Music Provided by https://www.extrememusic.com

----------------------------------------------------------------
follow all of these or i will kick you
â€¢ Facebook - https://www.facebook.com/MrBeast6000/
â€¢ Twitter - https://twitter.com/MrBeast
â€¢  Instagram - https://www.instagram.com/mrbeast
â€¢  Im Hiring! - https://www.mrbeastjobs.com/
--------------------------------------------------------------------",5361910,85548,200366321,https://www.youtube.com/watch?v=UPrkC1LdlLY,0:32:20
"50 YouTubers Fight For $1,000,000","I canâ€™t believe how intense this video got
The Samsung Galaxy Ring and Z Flip6 blew my mind in this video â€“ youâ€™ve gotta check them out. Head to Amazon to get yours and also see #GalaxyAI in action: https://smsng.us/3LgiqJP

New Merch - https://mrbeast.store

Check out Viewstats! - https://www.viewstats.com/

SUBSCRIBE OR I TAKE YOUR DOG
â•”â•â•¦â•—â•”â•¦â•—â•”â•â•¦â•â•¦â•¦â•¦â•¦â•—â•”â•â•—
â•‘â•šâ•£â•‘â•‘â•‘â•šâ•£â•šâ•£â•”â•£â•”â•£â•‘â•šâ•£â•â•£ 
â• â•—â•‘â•šâ•â•‘â•‘â• â•—â•‘â•šâ•£â•‘â•‘â•‘â•‘â•‘â•â•£
â•šâ•â•©â•â•â•©â•â•©â•â•©â•â•©â•â•šâ•©â•â•©â•â•

For any questions or inquiries regarding this video, please reach out to chucky@mrbeastbusiness.com

Music Provided by https://www.extrememusic.com

----------------------------------------------------------------
follow all of these or i will kick you
â€¢ Facebook - https://www.facebook.com/MrBeast6000/
â€¢ Twitter - https://twitter.com/MrBeast
â€¢  Instagram - https://www.instagram.com/mrbeast
â€¢  Im Hiring! - https://www.mrbeastjobs.com/
--------------------------------------------------------------------

Disclaimers: The heart rate software functions are not intended for use in the diagnosis of disease or other conditions, or in the cure, mitigation, treatment or prevention of disease. The Samsung Galaxy Ring requires a compatible smartphone and Samsung Health app.",8771975,350874,260992579,https://www.youtube.com/watch?v=4SNThp0YiU4,0:41:27
I Built 100 Houses And Gave Them Away!,"Thank you for making this video possible

Techo: https://techo.org/
FFTP: https://foodforthepoor.org/housing-jamaica/
New Story: https://www.newstoryhomes.org/

New Merch - https://mrbeast.store

Check out Viewstats! - https://www.viewstats.com/

SUBSCRIBE OR I TAKE YOUR DOG
â•”â•â•¦â•—â•”â•¦â•—â•”â•â•¦â•â•¦â•¦â•¦â•¦â•—â•”â•â•—
â•‘â•šâ•£â•‘â•‘â•‘â•šâ•£â•šâ•£â•”â•£â•”â•£â•‘â•šâ•£â•â•£ 
â• â•—â•‘â•šâ•â•‘â•‘â• â•—â•‘â•šâ•£â•‘â•‘â•‘â•‘â•‘â•â•£
â•šâ•â•©â•â•â•©â•â•©â•â•©â•â•©â•â•šâ•©â•â•©â•â•

For any questions or inquiries regarding this video, please reach out to chucky@mrbeastbusiness.com

Music Provided by https://www.extrememusic.com

----------------------------------------------------------------
follow all of these or i will kick you
â€¢ Facebook - https://www.facebook.com/MrBeast6000/
â€¢ Twitter - https://twitter.com/MrBeast
â€¢  Instagram - https://www.instagram.com/mrbeast
â€¢  Im Hiring! - https://www.mrbeastjobs.com/
--------------------------------------------------------------------",7177001,290294,137591487,https://www.youtube.com/watch?v=KkCXLABwHP0,0:09:36
Worldâ€™s Deadliest Obstacle Course!,"The obstacles in this video only get crazier as it goes onâ€¦ 
Head to Walmart for Cirkul's BIGGEST. DROP. EVER. âŒ›ï¸  (while supplies last)  | Wait... who unlocked ğŸ”’ the FLVR LAB Vault?! https://drinkcirkul.com/MrBeast

New Merch - https://mrbeast.store

Check out Viewstats! - https://www.viewstats.com/

SUBSCRIBE OR I TAKE YOUR DOG
â•”â•â•¦â•—â•”â•¦â•—â•”â•â•¦â•â•¦â•¦â•¦â•¦â•—â•”â•â•—
â•‘â•šâ•£â•‘â•‘â•‘â•šâ•£â•šâ•£â•”â•£â•”â•£â•‘â•šâ•£â•â•£ 
â• â•—â•‘â•šâ•â•‘â•‘â• â•—â•‘â•šâ•£â•‘â•‘â•‘â•‘â•‘â•â•£
â•šâ•â•©â•â•â•©â•â•©â•â•©â•â•©â•â•šâ•©â•â•©â•â•

For any questions or inquiries regarding this video, please reach out to chucky@mrbeastbusiness.com

Music Provided by https://www.extrememusic.com

----------------------------------------------------------------
follow all of these or i will kick you
â€¢ Facebook - https://www.facebook.com/MrBeast6000/
â€¢ Twitter - https://twitter.com/MrBeast
â€¢  Instagram - https://www.instagram.com/mrbeast
â€¢  Im Hiring! - https://www.mrbeastjobs.com/
--------------------------------------------------------------------",6051729,149766,225178376,https://www.youtube.com/watch?v=PWirijQkH4M,0:28:25
"$10,000 Every Day You Survive In The Wilderness","They survived longer than I expected lol
Feast like a Beast with Zaxbyâ€™s new MrBeast Box, served with 4 Chicken Fingerzâ„¢, cheddar bites, fries, double Texas toast, two signature sauces, small drinkâ€¦and a milk chocolate FEASTABLES BAR! Now available at Zaxby's for a limited time. Order today: https://www.zaxbys.com/mrbeast

Want to check out the Galaxy S24? Head over to Samsung https://smsng.us/MrBS24

Please make sure you have an email address on your profile! 
We will be reaching out from giveaway@mrbeastbusiness.com if you are selected as a winner!

New Merch - https://mrbeast.store

Check out Viewstats! - https://www.viewstats.com/

SUBSCRIBE OR I TAKE YOUR DOG
â•”â•â•¦â•—â•”â•¦â•—â•”â•â•¦â•â•¦â•¦â•¦â•¦â•—â•”â•â•—
â•‘â•šâ•£â•‘â•‘â•‘â•šâ•£â•šâ•£â•”â•£â•”â•£â•‘â•šâ•£â•â•£ 
â• â•—â•‘â•šâ•â•‘â•‘â• â•—â•‘â•šâ•£â•‘â•‘â•‘â•‘â•‘â•â•£
â•šâ•â•©â•â•â•©â•â•©â•â•©â•â•©â•â•šâ•©â•â•©â•â•

For any questions or inquiries regarding this video, please reach out to chucky@mrbeastbusiness.com

Music Provided by https://www.extrememusic.com

----------------------------------------------------------------
follow all of these or i will kick you
â€¢ Facebook - https://www.facebook.com/MrBeast6000/
â€¢ Twitter - https://twitter.com/MrBeast
â€¢  Instagram - https://www.instagram.com/mrbeast
â€¢  Im Hiring! - https://www.mrbeastjobs.com/
--------------------------------------------------------------------",7554063,333341,206864065,https://www.youtube.com/watch?v=U_LlX4t0A9I,0:26:10
"Protect The Yacht, Keep It!","This video did not go how I expected it to
Craft your perfect defense from a combination of powerful Monkey Towers and awesome Heroes, then pop every last invading Bloon! Grab your copy of Bloons TD 6 now - https://ninja.kiwi/mrbeast

Play the Official Fortnite Creative Map For This Video Here:
MrBeast Bed Wars ğŸ›Œ - 5948-5884-5269
https://www.fortnite.com/@mrbeast/5948-5884-5269

New Merch - https://mrbeast.store

Check out Viewstats! - https://www.viewstats.com/

SUBSCRIBE OR I TAKE YOUR DOG
â•”â•â•¦â•—â•”â•¦â•—â•”â•â•¦â•â•¦â•¦â•¦â•¦â•—â•”â•â•—
â•‘â•šâ•£â•‘â•‘â•‘â•šâ•£â•šâ•£â•”â•£â•”â•£â•‘â•šâ•£â•â•£ 
â• â•—â•‘â•šâ•â•‘â•‘â• â•—â•‘â•šâ•£â•‘â•‘â•‘â•‘â•‘â•â•£
â•šâ•â•©â•â•â•©â•â•©â•â•©â•â•©â•â•šâ•©â•â•©â•â•

For any questions or inquiries regarding this video, please reach out to chucky@mrbeastbusiness.com

Music Provided by https://www.extrememusic.com

----------------------------------------------------------------
follow all of these or i will kick you
â€¢ Facebook - https://www.facebook.com/MrBeast6000/
â€¢ Twitter - https://twitter.com/MrBeast
â€¢  Instagram - https://www.instagram.com/mrbeast
â€¢  Im Hiring! - https://www.mrbeastjobs.com/
--------------------------------------------------------------------",3953455,83524,129132717,https://www.youtube.com/watch?v=F6PqxbvOCUI,0:15:07
7 Days Stranded On An Island,"I canâ€™t believe we actually did this


Play the Official Fortnite Creative Map For This Video Here:
MrBeast Zombie Island ğŸï¸ - 4231-6172-1988
https://www.fortnite.com/@mrbeast/4231-6172-1988

New Merch - https://mrbeast.store

Check out Viewstats! - https://www.viewstats.com/

SUBSCRIBE OR I TAKE YOUR DOG
â•”â•â•¦â•—â•”â•¦â•—â•”â•â•¦â•â•¦â•¦â•¦â•¦â•—â•”â•â•—
â•‘â•šâ•£â•‘â•‘â•‘â•šâ•£â•šâ•£â•”â•£â•”â•£â•‘â•šâ•£â•â•£ 
â• â•—â•‘â•šâ•â•‘â•‘â• â•—â•‘â•šâ•£â•‘â•‘â•‘â•‘â•‘â•â•£
â•šâ•â•©â•â•â•©â•â•©â•â•©â•â•©â•â•šâ•©â•â•©â•â•

For any questions or inquiries regarding this video, please reach out to chucky@mrbeastbusiness.com

Music Provided by https://www.extrememusic.com

----------------------------------------------------------------
follow all of these or i will kick you
â€¢ Facebook - https://www.facebook.com/MrBeast6000/
â€¢ Twitter - https://twitter.com/MrBeast
â€¢  Instagram - https://www.instagram.com/mrbeast
â€¢  Im Hiring! - https://www.mrbeastjobs.com/
--------------------------------------------------------------------",6298794,142819,240853917,https://www.youtube.com/watch?v=erLbbextvlY,0:22:26
I Survived 7 Days In An Abandoned City,"This was one of the hardest challenges weâ€™ve ever done
A deal so good it feels like stealing  ğŸ¤« - score a FREE double insulated bottle with any 10 cartridge BeastBundle https://drinkcirkul.com/MrBeast or head to your local Walmart today to try Cirkul.

Go subscribe to Markâ€™s Channel!  @MarkRober   

New Merch - https://mrbeast.store

Check out Viewstats! - https://www.viewstats.com/

SUBSCRIBE OR I TAKE YOUR DOG
â•”â•â•¦â•—â•”â•¦â•—â•”â•â•¦â•â•¦â•¦â•¦â•¦â•—â•”â•â•—
â•‘â•šâ•£â•‘â•‘â•‘â•šâ•£â•šâ•£â•”â•£â•”â•£â•‘â•šâ•£â•â•£ 
â• â•—â•‘â•šâ•â•‘â•‘â• â•—â•‘â•šâ•£â•‘â•‘â•‘â•‘â•‘â•â•£
â•šâ•â•©â•â•â•©â•â•©â•â•©â•â•©â•â•šâ•©â•â•©â•â•

For any questions or inquiries regarding this video, please reach out to chucky@mrbeastbusiness.com

Music Provided by https://www.extrememusic.com

----------------------------------------------------------------
follow all of these or i will kick you
â€¢ Facebook - https://www.facebook.com/MrBeast6000/
â€¢ Twitter - https://twitter.com/MrBeast
â€¢  Instagram - https://www.instagram.com/mrbeast
â€¢  Im Hiring! - https://www.mrbeastjobs.com/
--------------------------------------------------------------------",6021800,200538,222793277,https://www.youtube.com/watch?v=tWYsfOSY9vY,0:17:23
"Protect $500,000 Keep It!","He spent so much money lol
Grow your money with the Mighty Oak debit card from Acorns. Sign up at https://www.acorns.com/mrbeast?s2=mrbeast_youtube to learn how to get a $20 bonus investment. New clients only. Offer ends 12/31/24. Additional terms apply.

New Merch - https://mrbeast.store

Check out Viewstats! - https://www.viewstats.com/

SUBSCRIBE OR I TAKE YOUR DOG
â•”â•â•¦â•—â•”â•¦â•—â•”â•â•¦â•â•¦â•¦â•¦â•¦â•—â•”â•â•—
â•‘â•šâ•£â•‘â•‘â•‘â•šâ•£â•šâ•£â•”â•£â•”â•£â•‘â•šâ•£â•â•£
â• â•—â•‘â•šâ•â•‘â•‘â• â•—â•‘â•šâ•£â•‘â•‘â•‘â•‘â•‘â•â•£
â•šâ•â•©â•â•â•©â•â•©â•â•©â•â•©â•â•šâ•©â•â•©â•â•
For any questions or inquiries regarding this video, please reach out to chucky@mrbeastbusiness.com

Music Provided by https://www.extrememusic.com/

----------------------------------------------------------------
follow all of these or i will kick you
â€¢ Facebook - https://www.facebook.com/MrBeast6000/
â€¢ Twitter - https://twitter.com/MrBeast
â€¢  Instagram - https://www.instagram.com/mrbeast
â€¢  Im Hiring! - https://www.mrbeastjobs.com/
--------------------------------------------------------------------

Compensated non-client promotion. Compensation may create a bias in favor of recommending Acorns.
Banking services provided by and Mighty Oak Debit Cards issued by nbkc bank, Member FDIC. *As of January 13, 2024, Mighty Oak Checking Annual Percentage Yield (APY) is 3.00% and Emergency Fund APY is 5.00%. APY is variable and subject to change. Investment advisory services offered by Acorns Advisers, LLC, an SEC-registered investment adviser.",4541711,71534,149833540,https://www.youtube.com/watch?v=7ESeQBeikKs,0:15:34
"$1 vs $10,000,000 Job!","I canâ€™t believe they actually hired me lol
Try Immortals of Aveum today with a free trial for Playstation 5 and Xbox Series X|S, and a PC demo via Steam. https://bit.ly/3SV7oit #SponsoredByEA #ImmortalsofAveum

 New Merch - https://mrbeast.store

Check out Viewstats! - https://www.viewstats.com/

SUBSCRIBE OR I TAKE YOUR DOG
â•”â•â•¦â•—â•”â•¦â•—â•”â•â•¦â•â•¦â•¦â•¦â•¦â•—â•”â•â•—
â•‘â•šâ•£â•‘â•‘â•‘â•šâ•£â•šâ•£â•”â•£â•”â•£â•‘â•šâ•£â•â•£ 
â• â•—â•‘â•šâ•â•‘â•‘â• â•—â•‘â•šâ•£â•‘â•‘â•‘â•‘â•‘â•â•£
â•šâ•â•©â•â•â•©â•â•©â•â•©â•â•©â•â•šâ•©â•â•©â•â•

For any questions or inquiries regarding this video, please reach out to chucky@mrbeastbusiness.com

----------------------------------------------------------------
follow all of these or i will kick you
â€¢ Facebook - https://www.facebook.com/MrBeast6000/
â€¢ Twitter - https://twitter.com/MrBeast
â€¢  Instagram - https://www.instagram.com/mrbeast
â€¢  Im Hiring! - https://www.mrbeastjobs.com/
--------------------------------------------------------------------

Mr Beast purchased this music license using Lickd. Discover over 1 million mainstream tracks for your YouTube videos at:
https://go.lickd.co/MrBeast5
Track: Welcome To Jurassic Park from Jurassic Park License ID: 67AVXwawl0p
https://lickd.lnk.to/2k70ahf7-Mr.BeastID",4439953,62610,208012973,https://www.youtube.com/watch?v=Wdjh81uH6FU,0:15:39
I Built 100 Wells In Africa,"Click the link below to donate 
https://www.beastphilanthropy.org/campaign/mrbeast-100-wells

New Merch - https://mrbeast.store 

Check out Viewstats! - https://www.viewstats.com/

SUBSCRIBE OR I TAKE YOUR DOG 
â•”â•â•¦â•—â•”â•¦â•—â•”â•â•¦â•â•¦â•¦â•¦â•¦â•—â•”â•â•— 
â•‘â•šâ•£â•‘â•‘â•‘â•šâ•£â•šâ•£â•”â•£â•”â•£â•‘â•šâ•£â•â•£ 
â• â•—â•‘â•šâ•â•‘â•‘â• â•—â•‘â•šâ•£â•‘â•‘â•‘â•‘â•‘â•â•£ 
â•šâ•â•©â•â•â•©â•â•©â•â•©â•â•©â•â•šâ•©â•â•©â•â• 

For any questions or inquiries regarding this video, please reach out to chucky@mrbeastbusiness.com 

---------------------------------------------------------------- 
follow all of these or i will kick you 
â€¢ Facebook - https://www.facebook.com/MrBeast6000/ 
â€¢ Twitter - https://twitter.com/MrBeast 
â€¢ Instagram - https://www.instagram.com/mrbeast 
â€¢ Im Hiring! - https://www.mrbeastjobs.com/ 
--------------------------------------------------------------------",10119755,215180,209333500,https://www.youtube.com/watch?v=mwKJfNYwvm8,0:10:29
"$1 vs $100,000,000 House!","I canâ€™t believe how expensive the last house is

In case you want to buy the $139,000,000 House... https://www.instagram.com/1200belair/


New Merch - https://mrbeast.store

Check out Viewstats! - https://www.viewstats.com/

SUBSCRIBE OR I TAKE YOUR DOG
â•”â•â•¦â•—â•”â•¦â•—â•”â•â•¦â•â•¦â•¦â•¦â•¦â•—â•”â•â•—
â•‘â•šâ•£â•‘â•‘â•‘â•šâ•£â•šâ•£â•”â•£â•”â•£â•‘â•šâ•£â•â•£ 
â• â•—â•‘â•šâ•â•‘â•‘â• â•—â•‘â•šâ•£â•‘â•‘â•‘â•‘â•‘â•â•£
â•šâ•â•©â•â•â•©â•â•©â•â•©â•â•©â•â•šâ•©â•â•©â•â•

For any questions or inquiries regarding this video please reach out to chucky@mrbeastbusiness.com

----------------------------------------------------------------
follow all of these or i will kick you
â€¢ Facebook - https://www.facebook.com/MrBeast6000/
â€¢ Twitter - https://twitter.com/MrBeast
â€¢  Instagram - https://www.instagram.com/mrbeast
â€¢  Im Hiring! - https://www.mrbeastjobs.com/
--------------------------------------------------------------------


Discover over 1 million mainstream tracks for your YouTube videos at Lickd: https://go.lickd.co/mb3
Track:â€œUp & Downâ€ by The Chainsmokers, 347aidan License ID:  MEgkVpMo6r5
Link: https://thechainsmokers.lnk.to/UAD",5796027,132545,281710756,https://www.youtube.com/watch?v=3ryID_SwU5E,0:17:02
Lamborghini Vs World's Largest Shredder,"who let me do this lol
Click here to join Creator League now: http://www.creatorleague.gg/mrbeast
Buy a pass before September 9th and get a free box of Feastables!

 

Thanks to SDC PERFORMANCE for the 3d model. Check their work out here: https://sketchfab.com/3d-models/huracan-falcontm-ac4bfe9c5e8d42fda5691f78e8931b95

Credit - The Slow Mo Guys - https://www.youtube.com/watch?v=OubvTOHWTms

New Merch - https://mrbeast.store

Check out Viewstats! - https://www.viewstats.com/

SUBSCRIBE OR I TAKE YOUR DOG
â•”â•â•¦â•—â•”â•¦â•—â•”â•â•¦â•â•¦â•¦â•¦â•¦â•—â•”â•â•—
â•‘â•šâ•£â•‘â•‘â•‘â•šâ•£â•šâ•£â•”â•£â•”â•£â•‘â•šâ•£â•â•£ 
â• â•—â•‘â•šâ•â•‘â•‘â• â•—â•‘â•šâ•£â•‘â•‘â•‘â•‘â•‘â•â•£
â•šâ•â•©â•â•â•©â•â•©â•â•©â•â•©â•â•šâ•©â•â•©â•â•

For any questions or inquiries regarding this video please reach out to chucky@mrbeastbusiness.com

----------------------------------------------------------------
follow all of these or i will kick you
â€¢ Facebook - https://www.facebook.com/MrBeast6000/
â€¢ Twitter - https://twitter.com/MrBeast
â€¢  Instagram - https://www.instagram.com/mrbeast
â€¢  Im Hiring! - https://www.mrbeastjobs.com/
--------------------------------------------------------------------",5441063,144231,205417842,https://www.youtube.com/watch?v=vBpQ1SlfVtU,0:14:58
"$1 vs $250,000 Vacation!","I did not expect the $250,000 vacation to be that crazyâ€¦

Thank you teamLab Planets TOKYO for letting us film!

Thanks to the Pullman Paris Tour Eiffel -  http://www.instagram.com/pullmantoureiffel

All filming at the Eiffel Tower required the authorizations and supervision from SETE: SociÃ©tÃ© d'Exploitation de la Tour Eiffel (operating company of the Eiffel Tower). Thank you to SETE and their staff. 

Shoutout to CGGeek for the outro VFK! - https://www.youtube.com/c/CGGeek


New Merch - https://mrbeast.store

Check out Viewstats! - https://www.viewstats.com/

Discover over 1 million mainstream tracks for your YouTube videos at Lickd: https://go.lickd.co/mb3

Track: Also Sprach Zarathustra: Einleitung, oder Sonnenaufgang (From ""2001: A Space Odyssey"") by The City of Prague Philharmonic Orchestra.
License ID: kPD1jPZN2xJ http://lickd.lnk.to/ZLK5sBIm

SUBSCRIBE OR I TAKE YOUR DOG
â•”â•â•¦â•—â•”â•¦â•—â•”â•â•¦â•â•¦â•¦â•¦â•¦â•—â•”â•â•—
â•‘â•šâ•£â•‘â•‘â•‘â•šâ•£â•šâ•£â•”â•£â•”â•£â•‘â•šâ•£â•â•£ 
â• â•—â•‘â•šâ•â•‘â•‘â• â•—â•‘â•šâ•£â•‘â•‘â•‘â•‘â•‘â•â•£
â•šâ•â•©â•â•â•©â•â•©â•â•©â•â•©â•â•šâ•©â•â•©â•â•

For any questions or inquiries regarding this video please reach out to chucky@mrbeastbusiness.com

----------------------------------------------------------------
follow all of these or i will kick you
â€¢ Facebook - https://www.facebook.com/MrBeast6000/
â€¢ Twitter - https://twitter.com/MrBeast
â€¢  Instagram - https://www.instagram.com/mrbeast
â€¢  Im Hiring! - https://www.mrbeastjobs.com/
--------------------------------------------------------------------",6275741,107694,296711121,https://www.youtube.com/watch?v=jObOjhUkf50,0:16:07
I Paid A Real Assassin To Try To Kill Me,"File with TurboTax today to get your biggest refund possible ğŸ¤‘
 http://bit.ly/MrBeastxTurboTax

New Merch - https://mrbeast.store

Check out Viewstats! - https://www.viewstats.com/

SUBSCRIBE OR I TAKE YOUR DOG
â•”â•â•¦â•—â•”â•¦â•—â•”â•â•¦â•â•¦â•¦â•¦â•¦â•—â•”â•â•—
â•‘â•šâ•£â•‘â•‘â•‘â•šâ•£â•šâ•£â•”â•£â•”â•£â•‘â•šâ•£â•â•£ 
â• â•—â•‘â•šâ•â•‘â•‘â• â•—â•‘â•šâ•£â•‘â•‘â•‘â•‘â•‘â•â•£
â•šâ•â•©â•â•â•©â•â•©â•â•©â•â•©â•â•šâ•©â•â•©â•â•

For any questions or inquiries regarding this video please reach out to chucky@mrbeastbusiness.com

----------------------------------------------------------------
follow all of these or i will kick you
â€¢ Facebook - https://www.facebook.com/MrBeast6000/
â€¢ Twitter - https://twitter.com/MrBeast
â€¢  Instagram - https://www.instagram.com/mrbeast
â€¢  Im Hiring! - https://www.mrbeastjobs.com/
--------------------------------------------------------------------",6158403,106634,286107198,https://www.youtube.com/watch?v=YLt73w6criQ,0:12:17
"1,000 Blind People See For The First Time","If you would like to support more of this sight-restoring work, visit https://seeintl.org/join 
Try My MrBeast Snacks! - https://feastables.com/


New Merch - https://mrbeast.store/

Check out Viewstats! - https://www.viewstats.com/

SUBSCRIBE OR I TAKE YOUR DOG
â•”â•â•¦â•—â•”â•¦â•—â•”â•â•¦â•â•¦â•¦â•¦â•¦â•—â•”â•â•—
â•‘â•šâ•£â•‘â•‘â•‘â•šâ•£â•šâ•£â•”â•£â•”â•£â•‘â•šâ•£â•â•£ 
â• â•—â•‘â•šâ•â•‘â•‘â• â•—â•‘â•šâ•£â•‘â•‘â•‘â•‘â•‘â•â•£
â•šâ•â•©â•â•â•©â•â•©â•â•©â•â•©â•â•šâ•©â•â•©â•â•

For any questions or inquiries regarding this video please reach out to chucky@mrbeastbusiness.com

----------------------------------------------------------------
follow all of these or i will kick you
â€¢ Facebook - https://www.facebook.com/MrBeast6000/
â€¢ Twitter - https://twitter.com/MrBeast
â€¢  Instagram - https://www.instagram.com/mrbeast
â€¢  Im Hiring! - https://www.mrbeastjobs.com/
--------------------------------------------------------------------",10360877,386944,188856296,https://www.youtube.com/watch?v=TJ2ifmkGGus,0:08:01
"100 Kids Vs 100 Adults For $500,000","The new Nerf Pro Gelfire x MrBeast blaster is available for preorder HERE: https://bit.ly/MrBeastxNerf

Burst into battle with the Nerf Pro Gelfire Mythic blaster - Available NOW: https://go.hasb.ro/mrbeastnerf
 
Legal disclaimer:

Ages 14 and up. Use of eyewear is always required for players and people within range. Use only official NERF GelFire Rounds.

New Merch - https://mrbeast.store

Check out Viewstats! - https://www.viewstats.com/

SUBSCRIBE OR I TAKE YOUR DOG
â•”â•â•¦â•—â•”â•¦â•—â•”â•â•¦â•â•¦â•¦â•¦â•¦â•—â•”â•â•—
â•‘â•šâ•£â•‘â•‘â•‘â•šâ•£â•šâ•£â•”â•£â•”â•£â•‘â•šâ•£â•â•£ 
â• â•—â•‘â•šâ•â•‘â•‘â• â•—â•‘â•šâ•£â•‘â•‘â•‘â•‘â•‘â•â•£
â•šâ•â•©â•â•â•©â•â•©â•â•©â•â•©â•â•šâ•©â•â•©â•â•

For any questions or inquiries regarding this video please reach out to chucky@mrbeastbusiness.com

----------------------------------------------------------------
follow all of these or i will kick you
â€¢ Facebook - https://www.facebook.com/MrBeast6000/
â€¢ Twitter - https://twitter.com/MrBeast
â€¢  Instagram - https://www.instagram.com/mrbeast
â€¢  Im Hiring! - https://www.mrbeastjobs.com/
--------------------------------------------------------------------",4678945,93283,279610049,https://www.youtube.com/watch?v=0CTp1a-aCUM,0:15:22
"Last To Take Hand Off Jet, Keeps It!","Close this and watch to the end to see who wins!

New Merch - https://mrbeast.store

Check out Viewstats! - https://www.viewstats.com/

At the end I said we would offset all carbon emissions but what we actually did was offset it by 10x!!

SUBSCRIBE OR I TAKE YOUR DOG

â•”â•â•¦â•—â•”â•¦â•—â•”â•â•¦â•â•¦â•¦â•¦â•¦â•—â•”â•â•—
â•‘â•šâ•£â•‘â•‘â•‘â•šâ•£â•šâ•£â•”â•£â•”â•£â•‘â•šâ•£â•â•£ 
â• â•—â•‘â•šâ•â•‘â•‘â• â•—â•‘â•šâ•£â•‘â•‘â•‘â•‘â•‘â•â•£
â•šâ•â•©â•â•â•©â•â•©â•â•©â•â•©â•â•šâ•©â•â•©â•â•

For any questions or inquiries regarding this video please reach out to chucky@mrbeastbusiness.com

----------------------------------------------------------------
follow all of these or i will kick you
â€¢ Facebook - https://www.facebook.com/MrBeast6000/
â€¢ Twitter - https://twitter.com/MrBeast
â€¢  Instagram - https://www.instagram.com/mrbeast
â€¢  Im Hiring! - https://www.mrbeastjobs.com/
--------------------------------------------------------------------",4626341,100846,199005986,https://www.youtube.com/watch?v=kX3nB4PpJko,0:15:37
"Survive 100 Days In Circle, Win $500,000","New Merch - https://mrbeast.store

Check out Viewstats! - https://www.viewstats.com/
 
SUBSCRIBE OR I TAKE YOUR DOG
â•”â•â•¦â•—â•”â•¦â•—â•”â•â•¦â•â•¦â•¦â•¦â•¦â•—â•”â•â•—
â•‘â•šâ•£â•‘â•‘â•‘â•šâ•£â•šâ•£â•”â•£â•”â•£â•‘â•šâ•£â•â•£ 
â• â•—â•‘â•šâ•â•‘â•‘â• â•—â•‘â•šâ•£â•‘â•‘â•‘â•‘â•‘â•â•£
â•šâ•â•©â•â•â•©â•â•©â•â•©â•â•©â•â•šâ•©â•â•©â•â•

For any questions or inquiries regarding this video please reach out to chucky@mrbeastbusiness.com

----------------------------------------------------------------
follow all of these or i will kick you
â€¢ Facebook - https://www.facebook.com/MrBeast6000/
â€¢ Twitter - https://twitter.com/MrBeast
â€¢  Instagram - https://www.instagram.com/mrbeast
â€¢  Im Hiring! - https://www.mrbeastjobs.com/
--------------------------------------------------------------------

Shipping Container Home Provided by XCaliber Container: https://www.xcalibercontainer.com

Get Cash Machine by Oliver Tree here: https://lickd.lnk.to/niQ4VsID!mrbeast
License ID: r5Rqad9DRze
Get this and other songs for your next YouTube video at https://lickd.co",6018909,100183,318297754,https://www.youtube.com/watch?v=gHzuabZUd6c,0:17:10
"100 Boys Vs 100 Girls For $500,000","Giving away $25k on Current! Sign up and use my code â€œBEAST250â€ for a chance to win*: https://www.current.com/beast250

Check out Viewstats! - https://www.viewstats.com/

SUBSCRIBE OR I TAKE YOUR DOG
â•”â•â•¦â•—â•”â•¦â•—â•”â•â•¦â•â•¦â•¦â•¦â•¦â•—â•”â•â•—
â•‘â•šâ•£â•‘â•‘â•‘â•šâ•£â•šâ•£â•”â•£â•”â•£â•‘â•šâ•£â•â•£ 
â• â•—â•‘â•šâ•â•‘â•‘â• â•—â•‘â•šâ•£â•‘â•‘â•‘â•‘â•‘â•â•£
â•šâ•â•©â•â•â•©â•â•©â•â•©â•â•©â•â•šâ•©â•â•©â•â•

For any questions or inquiries regarding this video please reach out to chucky@mrbeastbusiness.com

----------------------------------------------------------------
follow all of these or i will kick you
â€¢ TikTok - https://www.tiktok.com/@mrbeast
â€¢ Twitter - https://twitter.com/MrBeast
â€¢ Instagram - https://www.instagram.com/mrbeast
â€¢ Facebook - https://www.facebook.com/MrBeast6000/
â€¢ Official Merch  - https://mrbeast.store
â€¢ Beast Philanthropy - https://www.beastphilanthropy.org/

Text me @ +1 (917) 259-6364
I'm Hiring! - https://www.mrbeastjobs.com/
Chocolate ğŸ« Win a Tesla or be in a MrBeast video - Buy now â–¸ https://feastables.com
-----------------------------------------------------------------â€”

Current is a financial technology company, not a bank. Banking services provided by Choice Financial Group, Member FDIC. The Current Visa Debit Card is issued by Choice Financial Group pursuant to a license from Visa U.S.A. Inc. and may be used everywhere Visa debit cards are accepted.

*NO PURCHASE OR PAYMENT NECESSARY TO ENTER OR WIN. Open to legal residents of the 50 U.S./D.C., age 18+ (19+ in AL and NE, 21+ in MS). Void outside the 50 U.S./D.C. and where prohibited. Sweepstakes starts at 12:00:01 AM ET on 7/9/22; ends at 11:59:59 PM ET on 10/9/22. Odds of winning will depend upon the number of eligible entries received. For full Official Rules and how to enter without becoming a Current member, visit https://www.current.com/beast250. Sponsor: Finco Services, Inc. d/b/a Current, 30 Cooper Square, Floor 4, New York, NY 10003.",4840311,138847,223311777,https://www.youtube.com/watch?v=tVWWp1PqDus,0:16:53
I Didnâ€™t Eat Food For 30 Days,"This was one of my hardest videos. I went as long as possible not eating any food.

New Chocolate - https://feastables.com/

Check out Viewstats! - https://www.viewstats.com/

SUBSCRIBE OR I TAKE YOUR DOG
â•”â•â•¦â•—â•”â•¦â•—â•”â•â•¦â•â•¦â•¦â•¦â•¦â•—â•”â•â•—
â•‘â•šâ•£â•‘â•‘â•‘â•šâ•£â•šâ•£â•”â•£â•”â•£â•‘â•šâ•£â•â•£ 
â• â•—â•‘â•šâ•â•‘â•‘â• â•—â•‘â•šâ•£â•‘â•‘â•‘â•‘â•‘â•â•£
â•šâ•â•©â•â•â•©â•â•©â•â•©â•â•©â•â•šâ•©â•â•©â•â•

For any questions or inquiries regarding this video please reach out to chucky@mrbeastbusiness.com

----------------------------------------------------------------
follow all of these or i will kick you
â€¢ Facebook - https://www.facebook.com/MrBeast6000/
â€¢ Twitter - https://twitter.com/MrBeast
â€¢  Instagram - https://www.instagram.com/mrbeast
â€¢  Im Hiring! - https://www.mrbeastjobs.com/
--------------------------------------------------------------------",4137641,107089,115644890,https://www.youtube.com/watch?v=vaIgyRoUkQI,0:13:04
"$10,000 Every Day You Survive Prison","SUBSCRIBE IN THE NEXT 7 DAYS FOR A CHANCE TO WIN $10,000!

New Merch - https://mrbeast.store

Check out Viewstats! - https://www.viewstats.com/

SUBSCRIBE OR I TAKE YOUR DOG
â•”â•â•¦â•—â•”â•¦â•—â•”â•â•¦â•â•¦â•¦â•¦â•¦â•—â•”â•â•—
â•‘â•šâ•£â•‘â•‘â•‘â•šâ•£â•šâ•£â•”â•£â•”â•£â•‘â•šâ•£â•â•£ 
â• â•—â•‘â•šâ•â•‘â•‘â• â•—â•‘â•šâ•£â•‘â•‘â•‘â•‘â•‘â•â•£
â•šâ•â•©â•â•â•©â•â•©â•â•©â•â•©â•â•šâ•©â•â•©â•â•

For any questions or inquiries regarding this video please reach out to chucky@mrbeastbusiness.com

----------------------------------------------------------------
follow all of these or i will kick you
â€¢ Facebook - https://www.facebook.com/MrBeast6000/
â€¢ Twitter - https://twitter.com/MrBeast
â€¢  Instagram - https://www.instagram.com/mrbeast
â€¢  Im Hiring! - https://www.mrbeastjobs.com/
--------------------------------------------------------------------",5469904,129639,222475640,https://www.youtube.com/watch?v=hD1YtmKXNb4,0:13:59
Worldâ€™s Most Dangerous Escape Room!,"Buy my new chocolate bar: https://www.Feastables.com for a chance to win my chocolate factory in an upcoming video

SUBSCRIBE OR I TAKE YOUR DOG
â•”â•â•¦â•—â•”â•¦â•—â•”â•â•¦â•â•¦â•¦â•¦â•¦â•—â•”â•â•—
â•‘â•šâ•£â•‘â•‘â•‘â•šâ•£â•šâ•£â•”â•£â•”â•£â•‘â•šâ•£â•â•£ 
â• â•—â•‘â•šâ•â•‘â•‘â• â•—â•‘â•šâ•£â•‘â•‘â•‘â•‘â•‘â•â•£
â•šâ•â•©â•â•â•©â•â•©â•â•©â•â•©â•â•šâ•©â•â•©â•â•

Check out Viewstats! - https://www.viewstats.com/

For any questions or inquiries regarding this video please reach out to chucky@mrbeastbusiness.com

----------------------------------------------------------------
follow all of these or i will kick you
â€¢ Facebook - https://www.facebook.com/MrBeast6000/
â€¢ Twitter - https://twitter.com/MrBeast
â€¢  Instagram - https://www.instagram.com/mrbeast
â€¢  Im Hiring! - https://www.mrbeastjobs.com/
--------------------------------------------------------------------",5531681,132330,270447483,https://www.youtube.com/watch?v=3jS_yEK8qVI,0:08:01
"$1,000,000 Influencer Tournament!","That was so close at the end I can't believe that happened!


â•”â•â•¦â•—â•”â•¦â•—â•”â•â•¦â•â•¦â•¦â•¦â•¦â•—â•”â•â•—
â•‘â•šâ•£â•‘â•‘â•‘â•šâ•£â•šâ•£â•”â•£â•”â•£â•‘â•šâ•£â•â•£
â• â•—â•‘â•šâ•â•‘â•‘â• â•—â•‘â•šâ•£â•‘â•‘â•‘â•‘â•‘â•â•£
â•šâ•â•©â•â•â•©â•â•©â•â•©â•â•©â•â•šâ•©â•â•©â•â•

Check out Viewstats! - https://www.viewstats.com/

For any questions or inquiries regarding this video please reach out to chucky@mrbeastbusiness.com

----------------------------------------------------------------
follow all of these now
â€¢ Facebook - https://www.facebook.com/MrBeast6000/
â€¢ Twitter - https://twitter.com/MrBeast
â€¢ Instagram - https://www.instagram.com/mrbeast
--------------------------------------------------------------------",3146767,85293,93370938,https://www.youtube.com/watch?v=x9TQ6culXIA,0:12:04
I Got Hunted By The Military,"I'm not sure how they drove over that... it wasnt supposed to happen

New Merch - https://mrbeast.store

Check out Viewstats! - https://www.viewstats.com/

SUBSCRIBE OR I TAKE YOUR DOG
â•”â•â•¦â•—â•”â•¦â•—â•”â•â•¦â•â•¦â•¦â•¦â•¦â•—â•”â•â•—
â•‘â•šâ•£â•‘â•‘â•‘â•šâ•£â•šâ•£â•”â•£â•”â•£â•‘â•šâ•£â•â•£ 
â• â•—â•‘â•šâ•â•‘â•‘â• â•—â•‘â•šâ•£â•‘â•‘â•‘â•‘â•‘â•â•£
â•šâ•â•©â•â•â•©â•â•©â•â•©â•â•©â•â•šâ•©â•â•©â•â•

For any questions or inquiries regarding this video please reach out to chucky@mrbeastbusiness.com

Congrats to all the winners from the last video!
~babystar22
~KevinAllen30
~MasonCunningham2020
~CheyniaWilson
~Dannyboiiii08
~Andresiux23
~AmandaLawrence6
~DonshaeHannah
~KirstenTeafatiller
~UndeadWiccan
~BenjaminPaz
~TylerSmith98
~JoseRangel11
~StorieDaise
~AlexiaClark1462
~MattyRivers
~onlymarkis
~ThomasWebster00
~NoahTribbleking
~JHix87252
~AntSmith1996
~AnthonyNino3
~JordanMetz
~xonviejade
~CMcCabe23
~Vonnny
~ROITDABBY
~PaulMeehan430
~MaximusButenko
~MaximusButenko
~ZacharyArmstead
~HunterLeitch
~ThornTheriot
~AliMakki
~Quann99
~Trawjr
~JohnNovits
~MCCARVES
~KazzVaz
~JenniJones400
~RaeZapien
~MrJazzy
~SageDelahousie

----------------------------------------------------------------
follow all of these or i will kick you
â€¢ Facebook - https://www.facebook.com/MrBeast6000/
â€¢ Twitter - https://twitter.com/MrBeast
â€¢  Instagram - https://www.instagram.com/mrbeast
--------------------------------------------------------------------",4698572,93892,229974909,https://www.youtube.com/watch?v=QbJJwaVdgIs,0:10:27
"Last To Take Hand Off Lamborghini, Keeps It","Subscribe if you want to compete!
Watch My Documentary Now On Curiosity: 
http://curiositystream.com/BEAST

New Merch - https://mrbeast.store

Check out Viewstats! - https://www.viewstats.com/

SUBSCRIBE OR I TAKE YOUR DOG
â•”â•â•¦â•—â•”â•¦â•—â•”â•â•¦â•â•¦â•¦â•¦â•¦â•—â•”â•â•—
â•‘â•šâ•£â•‘â•‘â•‘â•šâ•£â•šâ•£â•”â•£â•”â•£â•‘â•šâ•£â•â•£ 
â• â•—â•‘â•šâ•â•‘â•‘â• â•—â•‘â•šâ•£â•‘â•‘â•‘â•‘â•‘â•â•£
â•šâ•â•©â•â•â•©â•â•©â•â•©â•â•©â•â•šâ•©â•â•©â•â•

For any questions or inquiries regarding this video please reach out to chucky@mrbeastbusiness.com

----------------------------------------------------------------
follow all of these or i will kick you
â€¢ Facebook - https://www.facebook.com/MrBeast6000/
â€¢ Twitter - https://twitter.com/MrBeast
â€¢  Instagram - https://www.instagram.com/mrbeast
--------------------------------------------------------------------",4739157,127732,184596744,https://www.youtube.com/watch?v=qIsgdOVGA04,0:15:07
Anything You Can Fit In The Triangle Iâ€™ll Pay For,"Sorry for the long time no uploads! I had 4 different videos fall apart :/

New Merch - https://mrbeast.store

Check out Viewstats! - https://www.viewstats.com/

SUBSCRIBE OR I TAKE YOUR DOG
â•”â•â•¦â•—â•”â•¦â•—â•”â•â•¦â•â•¦â•¦â•¦â•¦â•—â•”â•â•—
â•‘â•šâ•£â•‘â•‘â•‘â•šâ•£â•šâ•£â•”â•£â•”â•£â•‘â•šâ•£â•â•£ 
â• â•—â•‘â•šâ•â•‘â•‘â• â•—â•‘â•šâ•£â•‘â•‘â•‘â•‘â•‘â•â•£
â•šâ•â•©â•â•â•©â•â•©â•â•©â•â•©â•â•šâ•©â•â•©â•â•

For any questions or inquiries regarding this video please reach out to chucky@mrbeastbusiness.com

----------------------------------------------------------------
follow all of these or i will kick you
â€¢ Facebook - https://www.facebook.com/MrBeast6000/
â€¢ Twitter - https://twitter.com/MrBeast
â€¢  Instagram - https://www.instagram.com/mrbeast
--------------------------------------------------------------------",3525271,83334,235303255,https://www.youtube.com/watch?v=E6E22XQPhhg,0:16:07
I Got Hunted By A Real Bounty Hunter,"New Merch - https://mrbeast.store
 
Check out Viewstats! - https://www.viewstats.com/

SUBSCRIBE OR I TAKE YOUR DOG
â•”â•â•¦â•—â•”â•¦â•—â•”â•â•¦â•â•¦â•¦â•¦â•¦â•—â•”â•â•—
â•‘â•šâ•£â•‘â•‘â•‘â•šâ•£â•šâ•£â•”â•£â•”â•£â•‘â•šâ•£â•â•£ 
â• â•—â•‘â•šâ•â•‘â•‘â• â•—â•‘â•šâ•£â•‘â•‘â•‘â•‘â•‘â•â•£
â•šâ•â•©â•â•â•©â•â•©â•â•©â•â•©â•â•šâ•©â•â•©â•â•

For any questions or inquiries regarding this video please reach out to chucky@mrbeastbusiness.com

----------------------------------------------------------------
follow all of these or i will kick you
â€¢ Facebook - https://www.facebook.com/MrBeast6000/
â€¢ Twitter - https://twitter.com/MrBeast
â€¢  Instagram - https://www.instagram.com/mrbeast
--------------------------------------------------------------------",4268350,121750,212960052,https://www.youtube.com/watch?v=TQHEJj68Jew,0:13:28
"Would You Sit In Snakes For $10,000?","Would you sit in a tub of snakes for $10,000? 

New Merch - https://mrbeast.store
Subscribe to Brian Barczyk: https://www.youtube.com/channel/UC4zS1wbO81p59CxKL7CQAcA

Check out Viewstats! - https://www.viewstats.com/

SUBSCRIBE OR I TAKE YOUR DOG
â•”â•â•¦â•—â•”â•¦â•—â•”â•â•¦â•â•¦â•¦â•¦â•¦â•—â•”â•â•—
â•‘â•šâ•£â•‘â•‘â•‘â•šâ•£â•šâ•£â•”â•£â•”â•£â•‘â•šâ•£â•â•£ 
â• â•—â•‘â•šâ•â•‘â•‘â• â•—â•‘â•šâ•£â•‘â•‘â•‘â•‘â•‘â•â•£
â•šâ•â•©â•â•â•©â•â•©â•â•©â•â•©â•â•šâ•©â•â•©â•â•

For any questions or inquiries regarding this video please reach out to chucky@mrbeastbusiness.com

----------------------------------------------------------------
follow all of these or i will kick you
â€¢ Facebook - https://www.facebook.com/MrBeast6000/
â€¢ Twitter - https://twitter.com/MrBeast
â€¢  Instagram - https://www.instagram.com/mrbeast
--------------------------------------------------------------------",5606623,140690,327768599,https://www.youtube.com/watch?v=fMfipiV_17o,0:14:06
"I Bought The World's Largest Mystery Box! ($500,000)","I cant believe I spent over $500,000 on mystery boxes

New Merch - https://mrbeast.store

Check out Viewstats! - https://www.viewstats.com/

SUBSCRIBE OR I TAKE YOUR DOG
â•”â•â•¦â•—â•”â•¦â•—â•”â•â•¦â•â•¦â•¦â•¦â•¦â•—â•”â•â•—
â•‘â•šâ•£â•‘â•‘â•‘â•šâ•£â•šâ•£â•”â•£â•”â•£â•‘â•šâ•£â•â•£ 
â• â•—â•‘â•šâ•â•‘â•‘â• â•—â•‘â•šâ•£â•‘â•‘â•‘â•‘â•‘â•â•£
â•šâ•â•©â•â•â•©â•â•©â•â•©â•â•©â•â•šâ•©â•â•©â•â•

For any questions or inquiries regarding this video please reach out to chucky@mrbeastbusiness.com

----------------------------------------------------------------
follow all of these or i will kick you
â€¢ Facebook - https://www.facebook.com/MrBeast6000/
â€¢ Twitter - https://twitter.com/MrBeast
â€¢  Instagram - https://www.instagram.com/mrbeast
--------------------------------------------------------------------",5355507,174998,251998558,https://www.youtube.com/watch?v=ayXxwJJId_c,0:10:50
"I Donated $300,000 To People In Need","Subscribe and I'll Donate $0.10 To Charity

New Merch - https://mrbeast.store

Check out Viewstats! - https://www.viewstats.com/

SUBSCRIBE OR I TAKE YOUR DOG
â•”â•â•¦â•—â•”â•¦â•—â•”â•â•¦â•â•¦â•¦â•¦â•¦â•—â•”â•â•—
â•‘â•šâ•£â•‘â•‘â•‘â•šâ•£â•šâ•£â•”â•£â•”â•£â•‘â•šâ•£â•â•£ 
â• â•—â•‘â•šâ•â•‘â•‘â• â•—â•‘â•šâ•£â•‘â•‘â•‘â•‘â•‘â•â•£
â•šâ•â•©â•â•â•©â•â•©â•â•©â•â•©â•â•šâ•©â•â•©â•â•

For any questions or inquiries regarding this video please reach out to chucky@mrbeastbusiness.com

----------------------------------------------------------------
follow all of these or i will kick you
â€¢ Facebook - https://www.facebook.com/MrBeast6000/
â€¢ Twitter - https://twitter.com/MrBeast
â€¢  Instagram - https://www.instagram.com/mrbeast
--------------------------------------------------------------------",3030505,145085,55792078,https://www.youtube.com/watch?v=_uwNDiU04zE,0:10:54
"I Ate $100,000 Golden Ice Cream","I cant believe how insane that ice cream looked at the end


 New Merch - https://mrbeast.store

Check out Viewstats! - https://www.viewstats.com/

SUBSCRIBE OR I TAKE YOUR DOG
â•”â•â•¦â•—â•”â•¦â•—â•”â•â•¦â•â•¦â•¦â•¦â•¦â•—â•”â•â•—
â•‘â•šâ•£â•‘â•‘â•‘â•šâ•£â•šâ•£â•”â•£â•”â•£â•‘â•šâ•£â•â•£ 
â• â•—â•‘â•šâ•â•‘â•‘â• â•—â•‘â•šâ•£â•‘â•‘â•‘â•‘â•‘â•â•£
â•šâ•â•©â•â•â•©â•â•©â•â•©â•â•©â•â•šâ•©â•â•©â•â•

For any questions or inquiries regarding this video please reach out to chucky@mrbeastbusiness.com

----------------------------------------------------------------
follow all of these or i will kick you
â€¢ Facebook - https://www.facebook.com/MrBeast6000/
â€¢ Twitter - https://twitter.com/MrBeast
â€¢  Instagram - https://www.instagram.com/mrbeast
--------------------------------------------------------------------",5992948,173567,275752908,https://www.youtube.com/watch?v=C680oxL__ck,0:13:17
I Bought Everything In 5 Stores,"Please subscribe this video costed so much money

Buy Merch Here!! - https://mrbeast.store

Check out Viewstats! - https://www.viewstats.com/

Beast Philanthropy - https://www.youtube.com/channel/UCAiLfjNXkNv24uhpzUgPa6A

SUBSCRIBE OR I TAKE YOUR DOG
â•”â•â•¦â•—â•”â•¦â•—â•”â•â•¦â•â•¦â•¦â•¦â•¦â•—â•”â•â•—
â•‘â•šâ•£â•‘â•‘â•‘â•šâ•£â•šâ•£â•”â•£â•”â•£â•‘â•šâ•£â•â•£ 
â• â•—â•‘â•šâ•â•‘â•‘â• â•—â•‘â•šâ•£â•‘â•‘â•‘â•‘â•‘â•â•£
â•šâ•â•©â•â•â•©â•â•©â•â•©â•â•©â•â•šâ•©â•â•©â•â•

For any questions or inquiries regarding this video please reach out to chucky@mrbeastbusiness.com

----------------------------------------------------------------
follow all of these or i will kick you
â€¢ Facebook - https://www.facebook.com/MrBeast6000/
â€¢ Twitter - https://twitter.com/MrBeast
â€¢  Instagram - https://www.instagram.com/mrbeast
--------------------------------------------------------------------",5565922,190000,180501611,https://www.youtube.com/watch?v=5Fg9oZk-5uA,0:13:50
"Youtube Rewind 2020, Thank God It's Over","This is what Youtube Rewind would look like if it was made by creators lol
SUBSCRIBE TO THESE SMALL CHANNELS NOW PLEASE!!!
NalterDeeds: https://www.youtube.com/user/nalterdeeds
Amelia and Bridie: https://www.youtube.com/channel/UCrSTjIIkIBHL7VDx7utP56w
Soyan Osman: https://www.youtube.com/channel/UCuPGqvywieBAqvbkMSF4CNQ

 


Thank you to these 3 boys for editing this video! I LOVE YOU GUYS AND AM FOREVER GRATEFUL!
FlyingKitty: https://www.youtube.com/channel/UCYQT13AtrJC0gsM1far_zJg
Dolan Dark: https://www.youtube.com/channel/UCI5qWAMf5PHLNcM13R8pfiQ
Grandayy: https://www.youtube.com/channel/UCa6TeYZ2DlueFRne5DyAnyg



All creator sub data from SocialBlade https://socialblade.com/

â•”â•â•¦â•—â•”â•¦â•—â•”â•â•¦â•â•¦â•¦â•¦â•¦â•—â•”â•â•—
â•‘â•šâ•£â•‘â•‘â•‘â•šâ•£â•šâ•£â•”â•£â•”â•£â•‘â•šâ•£â•â•£ 
â• â•—â•‘â•šâ•â•‘â•‘â• â•—â•‘â•šâ•£â•‘â•‘â•‘â•‘â•‘â•â•£
â•šâ•â•©â•â•â•©â•â•©â•â•©â•â•©â•â•šâ•©â•â•©â•â•

For any questions or inquiries regarding this video please reach out to chucky@mrbeastbusiness.com

----------------------------------------------------------------
follow all of these or i will kick you
â€¢ Facebook - https://www.facebook.com/MrBeast6000/
â€¢ Twitter - https://twitter.com/MrBeast
â€¢  Instagram - https://www.instagram.com/mrbeast
--------------------------------------------------------------------",5054428,277690,72216438,https://www.youtube.com/watch?v=PKtnafFtfEo,0:06:31
I Opened A Restaurant That Pays You To Eat At It,"Buy Feastables!! https://feastables.com

Check out Viewstats! - https://www.viewstats.com/

SUBSCRIBE OR I TAKE YOUR DOG
â•”â•â•¦â•—â•”â•¦â•—â•”â•â•¦â•â•¦â•¦â•¦â•¦â•—â•”â•â•—
â•‘â•šâ•£â•‘â•‘â•‘â•šâ•£â•šâ•£â•”â•£â•”â•£â•‘â•šâ•£â•â•£ 
â• â•—â•‘â•šâ•â•‘â•‘â• â•—â•‘â•šâ•£â•‘â•‘â•‘â•‘â•‘â•â•£
â•šâ•â•©â•â•â•©â•â•©â•â•©â•â•©â•â•šâ•©â•â•©â•â•

For any questions or inquiries regarding this video please reach out to chucky@mrbeastbusiness.com

----------------------------------------------------------------
follow all of these or i will kick you
â€¢ Facebook - https://www.facebook.com/MrBeast6000/
â€¢ Twitter - https://twitter.com/MrBeast
â€¢  Instagram - https://www.instagram.com/mrbeast
--------------------------------------------------------------------",5134288,731578,192009952,https://www.youtube.com/watch?v=dg2Ag3e8W-Q,0:09:32
"Steal This $100,000 Diamond, You Keep It","Do you think you could have done all the levels?
New Merch - https://mrbeast.store

Check out Viewstats! - https://www.viewstats.com/

SUBSCRIBE OR I TAKE YOUR DOG
â•”â•â•¦â•—â•”â•¦â•—â•”â•â•¦â•â•¦â•¦â•¦â•¦â•—â•”â•â•—
â•‘â•šâ•£â•‘â•‘â•‘â•šâ•£â•šâ•£â•”â•£â•”â•£â•‘â•šâ•£â•â•£ 
â• â•—â•‘â•šâ•â•‘â•‘â• â•—â•‘â•šâ•£â•‘â•‘â•‘â•‘â•‘â•â•£
â•šâ•â•©â•â•â•©â•â•©â•â•©â•â•©â•â•šâ•©â•â•©â•â•

For any questions or inquiries regarding this video please reach out to chucky@mrbeastbusiness.com

----------------------------------------------------------------
follow all of these or i will kick you
â€¢ Facebook - https://www.facebook.com/MrBeast6000/
â€¢ Twitter - https://twitter.com/MrBeast
â€¢  Instagram - https://www.instagram.com/mrbeast
--------------------------------------------------------------------",3663650,93275,217707474,https://www.youtube.com/watch?v=Dc2ZRmuH5OM,0:14:02
"Press This Button To Win $100,000!","Push the red subscribe button and you could also win $100,000! (Seriously, we always fly subscribers down lol)
New Merch - https://mrbeast.store

Check out Viewstats! - https://www.viewstats.com/

SUBSCRIBE OR I TAKE YOUR DOG
â•”â•â•¦â•—â•”â•¦â•—â•”â•â•¦â•â•¦â•¦â•¦â•¦â•—â•”â•â•—
â•‘â•šâ•£â•‘â•‘â•‘â•šâ•£â•šâ•£â•”â•£â•”â•£â•‘â•šâ•£â•â•£ 
â• â•—â•‘â•šâ•â•‘â•‘â• â•—â•‘â•šâ•£â•‘â•‘â•‘â•‘â•‘â•â•£
â•šâ•â•©â•â•â•©â•â•©â•â•©â•â•©â•â•šâ•©â•â•©â•â•

For any questions or inquiries regarding this video please reach out to chucky@mrbeastbusiness.com

----------------------------------------------------------------
follow all of these or i will kick you
â€¢ Facebook - https://www.facebook.com/MrBeast6000/
â€¢ Twitter - https://twitter.com/MrBeast
â€¢  Instagram - https://www.instagram.com/mrbeast
--------------------------------------------------------------------",4673517,92364,323548754,https://www.youtube.com/watch?v=GLoeAJUcz38,0:15:11
I Uberâ€™d People And Let Them Keep The Car,"Subscribe for a free car!
New Merch -https://mrbeast.store

Check out Viewstats! - https://www.viewstats.com/

I uber people and give them the car


SUBSCRIBE OR I TAKE YOUR DOG
â•”â•â•¦â•—â•”â•¦â•—â•”â•â•¦â•â•¦â•¦â•¦â•¦â•—â•”â•â•—
â•‘â•šâ•£â•‘â•‘â•‘â•šâ•£â•šâ•£â•”â•£â•”â•£â•‘â•šâ•£â•â•£ 
â• â•—â•‘â•šâ•â•‘â•‘â• â•—â•‘â•šâ•£â•‘â•‘â•‘â•‘â•‘â•â•£
â•šâ•â•©â•â•â•©â•â•©â•â•©â•â•©â•â•šâ•©â•â•©â•â•

For any questions or inquiries regarding this video please reach out to chucky@mrbeastbusiness.com

----------------------------------------------------------------
follow all of these or i will kick you
â€¢ Facebook - https://www.facebook.com/MrBeast6000/
â€¢ Twitter - https://twitter.com/MrBeast
â€¢  Instagram - https://www.instagram.com/mrbeast
--------------------------------------------------------------------",4065232,85394,136954082,https://www.youtube.com/watch?v=IoZri9hq7z4,0:14:10
I Filled My Brotherâ€™s House With Slime & Bought Him A New One,"I did not expect that to happen.....

New Merch - https://mrbeast.store

Check out Viewstats! - https://www.viewstats.com/

My Brothers Video
I Covered Karl's House In Sticky Notes
https://www.youtube.com/watch?v=VvtsH2cY5Nc

SUBSCRIBE OR I TAKE YOUR DOG
â•”â•â•¦â•—â•”â•¦â•—â•”â•â•¦â•â•¦â•¦â•¦â•¦â•—â•”â•â•—
â•‘â•šâ•£â•‘â•‘â•‘â•šâ•£â•šâ•£â•”â•£â•”â•£â•‘â•šâ•£â•â•£ 
â• â•—â•‘â•šâ•â•‘â•‘â• â•—â•‘â•šâ•£â•‘â•‘â•‘â•‘â•‘â•â•£
â•šâ•â•©â•â•â•©â•â•©â•â•©â•â•©â•â•šâ•©â•â•©â•â•

For any questions or inquiries regarding this video please reach out to chucky@mrbeastbusiness.com

----------------------------------------------------------------
follow all of these or i will kick you
â€¢ Facebook - https://www.facebook.com/MrBeast6000/
â€¢ Twitter - https://twitter.com/MrBeast
â€¢ Instagram - https://www.instagram.com/mrbeast
--------------------------------------------------------------------",4014370,116511,243316850,https://www.youtube.com/watch?v=vp5sSqyZ5Go,0:09:25
"Would You Rather Have A Giant Diamond or $100,000?","I cant believe i spent this much again....
Download link: https://dragoncity.onelink.me/DDHl/MrBeast
New Merch - https://mrbeast.store

Check out Viewstats! - https://www.viewstats.com/

SUBSCRIBE OR I TAKE YOUR DOG
â•”â•â•¦â•—â•”â•¦â•—â•”â•â•¦â•â•¦â•¦â•¦â•¦â•—â•”â•â•—
â•‘â•šâ•£â•‘â•‘â•‘â•šâ•£â•šâ•£â•”â•£â•”â•£â•‘â•šâ•£â•â•£ 
â• â•—â•‘â•šâ•â•‘â•‘â• â•—â•‘â•šâ•£â•‘â•‘â•‘â•‘â•‘â•â•£
â•šâ•â•©â•â•â•©â•â•©â•â•©â•â•©â•â•šâ•©â•â•©â•â•

For any questions or inquiries regarding this video please reach out to chucky@mrbeastbusiness.com

----------------------------------------------------------------
follow all of these or i will kick you
â€¢ Facebook - https://www.facebook.com/MrBeast6000/
â€¢ Twitter - https://twitter.com/MrBeast
â€¢  Instagram - https://www.instagram.com/mrbeast
--------------------------------------------------------------------
Terms & Conditions: 
Dragon City Contest 
Eligibility: open only to individuals adults, who are residents of the United States of America (excluding New York and Florida), the United Kingdom, Canada (excluding Quebec), Germany, and Spain. A young person in the U.S. or Canada should have permission from a parent or legal guardian to participate.
 
You can read the full Terms and Conditions here: https://socialpoint.helpshift.com/a/dragon-city/?s=hot-topics-what-s-new&f=mrbeast-runner-island-challenge---official-rules&l=en",2961742,71946,172481798,https://www.youtube.com/watch?v=Vl3swga-Xrk,0:12:24
"I Spent $1,000,000 On Lottery Tickets and WON","I didnt think i was going to win that much... looks like im buying an island
New Merch - https://mrbeast.store

Check out Viewstats! - https://www.viewstats.com/

SUBSCRIBE OR I TAKE YOUR DOG
â•”â•â•¦â•—â•”â•¦â•—â•”â•â•¦â•â•¦â•¦â•¦â•¦â•—â•”â•â•—
â•‘â•šâ•£â•‘â•‘â•‘â•šâ•£â•šâ•£â•”â•£â•”â•£â•‘â•šâ•£â•â•£ 
â• â•—â•‘â•šâ•â•‘â•‘â• â•—â•‘â•šâ•£â•‘â•‘â•‘â•‘â•‘â•â•£
â•šâ•â•©â•â•â•©â•â•©â•â•©â•â•©â•â•šâ•©â•â•©â•â•

For any questions or inquiries regarding this video please reach out to chucky@mrbeastbusiness.com

----------------------------------------------------------------
follow all of these or i will kick you
â€¢ Facebook - https://www.facebook.com/MrBeast6000/
â€¢ Twitter - https://twitter.com/MrBeast
â€¢  Instagram - https://www.instagram.com/mrbeast
--------------------------------------------------------------------",3329210,84978,139629627,https://www.youtube.com/watch?v=5V2B28OqfqM,0:10:12
"I Bought The World's Largest Firework ($600,000)","I cant believe i spent this much money on fireworks lol 
Thanks to Fireworks by Grucci for helping! https://www.grucci.com/ 
Follow them on instagram: https://www.instagram.com/fireworksbygrucci/


New Merch - https://mrbeast.store

Check out Viewstats! - https://www.viewstats.com/

SUBSCRIBE OR I TAKE YOUR DOG

For any questions or inquiries regarding this video please reach out to chucky@mrbeastbusiness.com

----------------------------------------------------------------
follow all of these or i will kick you
â€¢ Facebook - https://www.facebook.com/MrBeast6000/
â€¢ Twitter - https://twitter.com/MrBeast
â€¢  Instagram - https://www.instagram.com/mrbeast
--------------------------------------------------------------------",5277183,180333,227343317,https://www.youtube.com/watch?v=erQ_9yEz0ls,0:11:08
I Broke Into A House,"His reaction was hilarious

New Merch - https://mrbeast.store

Check out Viewstats! - https://www.viewstats.com/

SUBSCRIBE OR I TAKE YOUR DOG

For any questions or inquiries regarding this video please reach out to chucky@mrbeastbusiness.com

----------------------------------------------------------------
follow all of these or i will kick you
â€¢ Facebook - https://www.facebook.com/MrBeast6000/
â€¢ Twitter - https://twitter.com/MrBeast
â€¢  Instagram - https://www.instagram.com/mrbeast
--------------------------------------------------------------------",3848913,198273,191668276,https://www.youtube.com/watch?v=OAbP-V6fEVc,0:14:01
I Spent 50 Hours In Solitary Confinement,"i borderline went crazy about 30 hours in...
New Merch - https://mrbeast.store

Check out Viewstats! - https://www.viewstats.com/

SUBSCRIBE OR I TAKE YOUR DOG

For any questions or inquiries regarding this video please reach out to chucky@mrbeastbusiness.com

----------------------------------------------------------------
follow all of these or i will kick you
â€¢ Facebook - https://www.facebook.com/MrBeast6000/
â€¢ Twitter - https://twitter.com/MrBeast
â€¢  Instagram - https://www.instagram.com/mrbeast
--------------------------------------------------------------------",5037644,117403,323134345,https://www.youtube.com/watch?v=r7zJ8srwwjk,0:15:51
If You Click This Video I'll Give My Friend .001$,"Make sure you watch this video a bunch!
New Merch - https://mrbeast.store

Check out Viewstats! - https://www.viewstats.com/

SUBSCRIBE OR I TAKE YOUR DOG

For any questions or inquiries regarding this video please reach out to chucky@mrbeastbusiness.com

----------------------------------------------------------------
follow all of these or i will kick you
â€¢ Facebook - https://www.facebook.com/MrBeast6000/
â€¢ Twitter - https://twitter.com/MrBeast
â€¢  Instagram - https://www.instagram.com/mrbeast
--------------------------------------------------------------------",7462177,168801,217517897,https://www.youtube.com/watch?v=YSoJPA8-oHc,0:17:21
Videos I Could Not Upload...,"The last video i couldnt upload took forever to film
SUBSCRIBE OR YOU'LL HAVE BAD LUCK
New Merch - https://mrbeast.store

Check out Viewstats! - https://www.viewstats.com/

SUBSCRIBE OR I TAKE YOUR DOG

For any questions or inquiries regarding this video please reach out to chucky@mrbeastbusiness.com

----------------------------------------------------------------
follow all of these or i will kick you
â€¢ Facebook - https://www.facebook.com/MrBeast6000/
â€¢ Twitter - https://twitter.com/MrBeast
â€¢  Instagram - https://www.instagram.com/mrbeast
--------------------------------------------------------------------",4070027,66070,165229666,https://www.youtube.com/watch?v=gsWPpE4Rid0,0:13:32
I Spent 24 Hours In A Doomsday Bunker,"The bunker gets crazier as the video goes on!
SUBSCRIBE OR YOU'LL HAVE BAD LUCK
For more info on this bunker check out their site here: http://www.survivalcondo.com

New Merch - https://mrbeast.store

Check out Viewstats! - https://www.viewstats.com/

For any questions or inquiries regarding this video please reach out to chucky@mrbeastbusiness.com

----------------------------------------------------------------
follow all of these or i will kick you
â€¢ Facebook - https://www.facebook.com/MrBeast6000/
â€¢ Twitter - https://twitter.com/MrBeast
â€¢  Instagram - https://www.instagram.com/mrbeast
--------------------------------------------------------------------",3388731,79824,217835536,https://www.youtube.com/watch?v=HBMmK1c44sE,0:11:59
"Giving $1,000,000 Of Food To People In Need","This video took months of planning and over $1,000,000. I genuinely hope you enjoy it :)
DONATE HERE - https://www.smithfieldfoods.com/goodfoodchallenge


New Merch - https://mrbeast.store

Check out Viewstats! - https://www.viewstats.com/

SUBSCRIBE OR I TAKE YOUR DOG

For any questions or inquiries regarding this video please reach out to chucky@mrbeastbusiness.com

----------------------------------------------------------------
follow all of these or i will kick you
â€¢ Facebook - https://www.facebook.com/MrBeast6000/
â€¢ Twitter - https://twitter.com/MrBeast
â€¢  Instagram - https://www.instagram.com/mrbeast
--------------------------------------------------------------------",1950666,65497,64255999,https://www.youtube.com/watch?v=oBYbxw8f5OI,0:12:28
I Ran A Marathon In The World's Largest Shoes,"New Merch - https://mrbeast.store

Check out Viewstats! - https://www.viewstats.com/

SUBSCRIBE OR I TAKE YOUR SHOES (my leg hurt)

For any questions or inquiries regarding this video please reach out to chucky@mrbeastbusiness.com

----------------------------------------------------------------
follow all of these or i will kick you
â€¢ Facebook - https://www.facebook.com/MrBeast6000/
â€¢ Twitter - https://twitter.com/MrBeast
â€¢  Instagram - https://www.instagram.com/mrbeast
--------------------------------------------------------------------",3517840,71288,173599218,https://www.youtube.com/watch?v=AiGKBNGlzHo,0:13:49
"$70,000 Extreme Hide And Seek - Challenge","watch until the end to see who wins the $70,000
DOWNLOAD HERE: https://dragoncity.onelink.me/3213014026/MrBeast
Open to legal residents of the Eligible Countries. Must be 18+. Challenge begins at 12:00:00 AM (UTC) on March 13, 2020  and ends at 11:59:59 PM (utc) on March 19, 2020. Void where prohibited. Subject to T&Cs: https://socialpoint.helpshift.com/a/dragon-city/?l=en&s=hot-topics-what-s-new&f=mr-beast-quest-giveaway.
New Merch - https://mrbeast.store

Check out Viewstats! - https://www.viewstats.com/

SUBSCRIBE OR ELSE

For any questions or inquiries regarding this video please reach out to chucky@mrbeastbusiness.com

----------------------------------------------------------------
follow all of these or i will kick you
â€¢ Facebook - https://www.facebook.com/MrBeast6000/
â€¢ Twitter - https://twitter.com/MrBeast
â€¢  Instagram - https://www.instagram.com/mrbeast
--------------------------------------------------------------------",2765102,67355,145219252,https://www.youtube.com/watch?v=_mdKvblL_8s,0:17:20
Anything You Can Fit In The Circle Iâ€™ll Pay For,"Watch until the end to see how much i spent
New Merch - https://mrbeast.store

Check out Viewstats! - https://www.viewstats.com/

SUBSCRIBE OR I TAKE YOUR DOG

For any questions or inquiries regarding this video please reach out to chucky@mrbeastbusiness.com

----------------------------------------------------------------
follow all of these or i will kick you
â€¢ Facebook - https://www.facebook.com/MrBeast6000/
â€¢ Twitter - https://twitter.com/MrBeast
â€¢  Instagram - https://www.instagram.com/mrbeast
--------------------------------------------------------------------",5212272,113725,299095958,https://www.youtube.com/watch?v=yXWw0_UfSFg,0:19:42
"I Ate A $70,000 Golden Pizza","I cant believe we actually did this...
Please vote and help me win a Kids Choice Award (I'm on page 20) https://kca.nick.tv/vote/
vote now or ill delete your fortnite account

New Merch - https://mrbeast.store

Check out Viewstats! - https://www.viewstats.com/

SUBSCRIBE OR I TAKE YOUR DOG

For any questions or inquiries regarding this video please reach out to chucky@mrbeastbusiness.com

----------------------------------------------------------------
follow all of these or i will kick you
â€¢ Facebook - https://www.facebook.com/MrBeast6000/
â€¢ Twitter - https://twitter.com/MrBeast
â€¢  Instagram - https://www.instagram.com/mrbeast
--------------------------------------------------------------------",4420459,110772,263336714,https://www.youtube.com/watch?v=F4Y3Pkn95GI,0:12:55
"Lamborghini Race, Winner Keeps Lamborghini","New Merch - https://mrbeast.store

Check out Viewstats! - https://www.viewstats.com/

SUBSCRIBE OR ELSE

For any questions or inquiries regarding this video please reach out to chucky@mrbeastbusiness.com

----------------------------------------------------------------
follow all of these or i will kick you
â€¢ Facebook - https://www.facebook.com/MrBeast6000/
â€¢ Twitter - https://twitter.com/MrBeast
â€¢  Instagram - https://www.instagram.com/mrbeast
--------------------------------------------------------------------",2731591,55431,143760487,https://www.youtube.com/watch?v=KSKJKLmAqpI,0:14:48
I Went Back To Boy Scouts For A Day,"WATCH UNTIL THE END TO SEE THE ULTIMATE BETRAYAL 
New Merch - https://mrbeast.store

Check out Viewstats! - https://www.viewstats.com/

SUBSCRIBE OR I TAKE YOUR DOG

For any questions or inquiries regarding this video please reach out to chucky@mrbeastbusiness.com

----------------------------------------------------------------
follow all of these or i will kick you
â€¢ Facebook - https://www.facebook.com/MrBeast6000/
â€¢ Twitter - https://twitter.com/MrBeast
â€¢  Instagram - https://www.instagram.com/mrbeast
--------------------------------------------------------------------",2308038,46346,126446588,https://www.youtube.com/watch?v=oI6aXhowFDY,0:13:37
"$60,000 Extreme Hide And Seek - Challenge","THERE IS NO WAY THIS HAPPENED AGAIN LOL WATCH UNTIL THE END
New Merch - https://mrbeast.store

Check out Viewstats! - https://www.viewstats.com/

SUBSCRIBE OR I TAKE YOUR DOG

For any questions or inquiries regarding this video please reach out to chucky@mrbeastbusiness.com

----------------------------------------------------------------
follow all of these or i will kick you
â€¢ Facebook - https://www.facebook.com/MrBeast6000/
â€¢ Twitter - https://twitter.com/MrBeast
â€¢  Instagram - https://www.instagram.com/mrbeast
--------------------------------------------------------------------",2922403,50671,166027746,https://www.youtube.com/watch?v=LdMx2U5tby0,0:17:58
"Giving 10,000 Presents To Kids For Christmas","New Merch - https://mrbeast.store

Check out Viewstats! - https://www.viewstats.com/

SUBSCRIBE OR I TAKE YOUR DOG
â•”â•â•¦â•—â•”â•¦â•—â•”â•â•¦â•â•¦â•¦â•¦â•¦â•—â•”â•â•—
â•‘â•šâ•£â•‘â•‘â•‘â•šâ•£â•šâ•£â•”â•£â•”â•£â•‘â•šâ•£â•â•£ 
â• â•—â•‘â•šâ•â•‘â•‘â• â•—â•‘â•šâ•£â•‘â•‘â•‘â•‘â•‘â•â•£
â•šâ•â•©â•â•â•©â•â•©â•â•©â•â•©â•â•šâ•©â•â•©â•â•

For any questions or inquiries regarding this video please reach out to chucky@mrbeastbusiness.com

----------------------------------------------------------------
follow all of these or i will kick you
â€¢ Facebook - https://www.facebook.com/MrBeast6000/
â€¢ Twitter - https://twitter.com/MrBeast
â€¢  Instagram - https://www.instagram.com/mrbeast
--------------------------------------------------------------------

Made you look again lol",3131310,171882,77618865,https://www.youtube.com/watch?v=Z9WQy9jEY8M,0:13:48
"Last To Take Hand Off $1,000,000 Keeps It","Watch to the end of the video to see who becomes a millionaire... 
SUBSCRIBE OR ILL PUNCH YOU
New Merch - https://mrbeast.store

Check out Viewstats! - https://www.viewstats.com/

For any questions or inquiries regarding this video please reach out to chucky@mrbeastbusiness.com

----------------------------------------------------------------
follow all of these or i will kick you
â€¢ Facebook - https://www.facebook.com/MrBeast6000/
â€¢ Twitter - https://twitter.com/MrBeast
â€¢  Instagram - https://www.instagram.com/mrbeast
--------------------------------------------------------------------",3435654,297962,143000607,https://www.youtube.com/watch?v=yeqARWqjkps,0:15:25
"Last To Stop Riding Bike Wins $1,000,000 (Part 4)","YOU WONT BELIEVE WHO WON THIS

New Merch - https://mrbeast.store
Instagram - https://www.instagram.com/mrbeast

Check out Viewstats! - https://www.viewstats.com/

SUBSCRIBE OR I TAKE YOUR DOG

For any questions or inquiries regarding this video please reach out to chucky@mrbeastbusiness.com

----------------------------------------------------------------
follow all of these or i will kick you
â€¢ Facebook - https://www.facebook.com/MrBeast6000/
â€¢ Twitter - https://twitter.com/MrBeast
â€¢  Instagram - https://www.instagram.com/mrbeast
--------------------------------------------------------------------",1497209,92130,66495884,https://www.youtube.com/watch?v=wMuYiLby3-s,0:11:45
"Last To Leave Toilet Wins $1,000,000 (Part 3)","New Merch - https://mrbeast.store
Instagram - https://www.instagram.com/mrbeast

Check out Viewstats! - https://www.viewstats.com/

SUBSCRIBE OR I TAKE YOUR DOG

For any questions or inquiries regarding this video please reach out to chucky@mrbeastbusiness.com

----------------------------------------------------------------
follow all of these or i will kick you
â€¢ Facebook - https://www.facebook.com/MrBeast6000/
â€¢ Twitter - https://twitter.com/MrBeast
â€¢  Instagram - https://www.instagram.com/mrbeast
--------------------------------------------------------------------",1953936,49168,101436113,https://www.youtube.com/watch?v=NbaWrbJDr48,0:15:46
I Ordered Pizza And Tipped The House,"I Was In Youtube Rewind 2019 New Merch - https://mrbeast.store

Check out Viewstats! - https://www.viewstats.com/

SUBSCRIBE OR I TAKE YOUR DOG

Check me out in youtube rewind 2019:

YouTube Rewind 2019: For the Record
https://www.youtube.com/watch?v=2lAe1cqCOXo

For any questions or inquiries regarding this video please reach out to chucky@mrbeastbusiness.com

----------------------------------------------------------------
follow all of these or i will kick you
â€¢ Facebook - https://www.facebook.com/MrBeast6000/
â€¢ Twitter - https://twitter.com/MrBeast
â€¢  Instagram - https://www.instagram.com/mrbeast
--------------------------------------------------------------------",4322337,105560,143357942,https://www.youtube.com/watch?v=sfv1QaRzJg8,0:12:50
"Last to Stop Swinging Wins $1,000,000 (Part 2)","I BET YOU DIDNT EXPECT THAT TO HAPPEN LOL (watch till the end)

New Merch - https://mrbeast.store

Check out Viewstats! - https://www.viewstats.com/

SUBSCRIBE!

For any questions or inquiries regarding this video please reach out to chucky@mrbeastbusiness.com

----------------------------------------------------------------
follow all of these or i will kick you
â€¢ Facebook - https://www.facebook.com/MrBeast6000/
â€¢ Twitter - https://twitter.com/MrBeast
â€¢  Instagram - https://www.instagram.com/mrbeast
--------------------------------------------------------------------",2347894,81387,135475533,https://www.youtube.com/watch?v=RwnN2FVaHmw,0:13:03
"$50,000 Game Of Extreme Hide And Seek - Challenge","ENTER ON INSTAGRAM TOO https://www.instagram.com/mrbeast

New Merch - https://mrbeast.store

Check out Viewstats! - https://www.viewstats.com/

SUBSCRIBE OR ILL EAT YOUR THANKSGIVING LEFT OVERS

For any questions or inquiries regarding this video please reach out to chucky@mrbeastbusiness.com

----------------------------------------------------------------
follow all of these or i will kick you
â€¢ Facebook - https://www.facebook.com/MrBeast6000/
â€¢ Twitter - https://twitter.com/MrBeast
â€¢  Instagram - https://www.instagram.com/mrbeast
--------------------------------------------------------------------",3097358,51524,162066967,https://www.youtube.com/watch?v=X1jMMFOqxEw,0:13:47
I Opened A FREE BANK,"New Merch - https://mrbeast.store

Check out Viewstats! - https://www.viewstats.com/

SUBSCRIBE AND ILL BUY AN OSTRICH FOR CHANDLER

Transparency: We used motion picture money when making this video. Everyone who received money in the video were paid by check after they left for security purposes(I canâ€™t just carry 6 figures in cash lol). Everyone received 100% of the money they were given.

For any questions or inquiries regarding this video please reach out to chucky@mrbeastbusiness.com

----------------------------------------------------------------
follow all of these or i will kick you
â€¢ Facebook - https://www.facebook.com/MrBeast6000/
â€¢ Twitter - https://twitter.com/MrBeast
â€¢  Instagram - https://www.instagram.com/mrbeast
--------------------------------------------------------------------
i bet your going to check this now for secret messages....",3001252,94593,122597654,https://www.youtube.com/watch?v=ORUX1lHbOa8,0:10:52
"Going Around A Ferris Wheel 1,000 Times Straight","FOLLOW 4 COOKIE - https://www.instagram.com/mrbeast
ADD TO CART - https://mrbeast.store

Check out Viewstats! - https://www.viewstats.com/

SUBSCRIBE OR ILL DELETE YOUR FORTNITE ACCOUNT!

For any questions or inquiries regarding this video please reach out to chucky@mrbeastbusiness.com

----------------------------------------------------------------
follow all of these or i will kick you
â€¢ Facebook - https://www.facebook.com/MrBeast6000/
â€¢ Twitter - https://twitter.com/MrBeast
â€¢  Instagram - https://www.instagram.com/mrbeast
--------------------------------------------------------------------",2570793,50064,122800356,https://www.youtube.com/watch?v=LU_xVr4b2qM,0:12:56
Surviving 24 Hours Straight In The Bermuda Triangle,"THIS IS ONE OF THE CRAZIEST THINGS I'VE EVER DONE!
DONATE TO TEAM TREES: https://teamtrees.org/


New Merch - https://mrbeast.store

Check out Viewstats! - https://www.viewstats.com/

SUBSCRIBE OR I TAKE YOUR DOG

For any questions or inquiries regarding this video please reach out to chucky@mrbeastbusiness.com

----------------------------------------------------------------
follow all of these or i will kick you
â€¢ Facebook - https://www.facebook.com/MrBeast6000/
â€¢ Twitter - https://twitter.com/MrBeast
â€¢  Instagram - https://www.instagram.com/mrbeast
--------------------------------------------------------------------",4362223,99864,247363647,https://www.youtube.com/watch?v=D9lVNzyhYnc,0:11:41
